1669852800000,415.00000000,422.00000000,402.50000000,405.80000000,690.64600000,1669867199999,283467.59340000,209,95.41100000,39337.88020000,0
1669867200000,407.10000000,407.20000000,400.80000000,403.10000000,40.37600000,1669881599999,16286.59620000,54,18.18600000,7339.94800000,0
1669881600000,403.00000000,406.20000000,401.80000000,402.80000000,83.78700000,1669895999999,33783.11420000,48,56.95200000,22973.26720000,0
1669896000000,404.70000000,412.30000000,399.80000000,403.60000000,504.70500000,1669910399999,203820.42550000,255,216.84900000,87853.50680000,0
1669910400000,403.60000000,407.90000000,401.00000000,406.80000000,125.77300000,1669924799999,50854.59720000,120,63.42800000,25721.17980000,0
1669924800000,406.00000000,409.00000000,403.10000000,403.90000000,154.32900000,1669939199999,62635.99330000,143,99.10300000,40245.60510000,0
1669852800000,415.00000000,422.00000000,402.50000000,405.80000000,690.64600000,1669867199999,283467.59340000,209,95.41100000,39337.88020000,0
1669867200000,407.10000000,407.20000000,400.80000000,403.10000000,40.37600000,1669881599999,16286.59620000,54,18.18600000,7339.94800000,0
1669881600000,403.00000000,406.20000000,401.80000000,402.80000000,83.78700000,1669895999999,33783.11420000,48,56.95200000,22973.26720000,0
1669896000000,404.70000000,412.30000000,399.80000000,403.60000000,504.70500000,1669910399999,203820.42550000,255,216.84900000,87853.50680000,0
1669910400000,403.60000000,407.90000000,401.00000000,406.80000000,125.77300000,1669924799999,50854.59720000,120,63.42800000,25721.17980000,0
1669924800000,406.00000000,409.00000000,403.10000000,403.90000000,154.32900000,1669939199999,62635.99330000,143,99.10300000,40245.60510000,0
1671148800000,384.40000000,388.10000000,383.00000000,387.50000000,232.89400000,1671163199999,89930.65670000,143,102.27900000,39549.77410000,0
1671163200000,387.30000000,387.90000000,385.10000000,387.90000000,47.47000000,1671177599999,18351.71590000,53,18.04900000,6975.58690000,0
1671177600000,386.10000000,387.20000000,364.20000000,367.70000000,448.78500000,1671191999999,166573.33130000,208,160.94700000,59375.18930000,0
1671192000000,367.90000000,368.10000000,357.80000000,361.80000000,344.90000000,1671206399999,125591.97250000,245,140.79500000,51257.08780000,0
1671206400000,361.50000000,362.60000000,352.40000000,362.00000000,363.50200000,1671220799999,130433.12790000,212,146.84700000,52764.73670000,0
1671220800000,362.20000000,364.40000000,346.70000000,353.00000000,1139.46000000,1671235199999,401361.00480000,339,699.59400000,246357.89400000,0
1671148800000,384.40000000,388.10000000,383.00000000,387.50000000,232.89400000,1671163199999,89930.65670000,143,102.27900000,39549.77410000,0
1671163200000,387.30000000,387.90000000,385.10000000,387.90000000,47.47000000,1671177599999,18351.71590000,53,18.04900000,6975.58690000,0
1671177600000,386.10000000,387.20000000,364.20000000,367.70000000,448.78500000,1671191999999,166573.33130000,208,160.94700000,59375.18930000,0
1671192000000,367.90000000,368.10000000,357.80000000,361.80000000,344.90000000,1671206399999,125591.97250000,245,140.79500000,51257.08780000,0
1671206400000,361.50000000,362.60000000,352.40000000,362.00000000,363.50200000,1671220799999,130433.12790000,212,146.84700000,52764.73670000,0
1671220800000,362.20000000,364.40000000,346.70000000,353.00000000,1139.46000000,1671235199999,401361.00480000,339,699.59400000,246357.89400000,0
1671148800000,384.40000000,388.10000000,383.00000000,387.50000000,232.89400000,1671163199999,89930.65670000,143,102.27900000,39549.77410000,0
1671163200000,387.30000000,387.90000000,385.10000000,387.90000000,47.47000000,1671177599999,18351.71590000,53,18.04900000,6975.58690000,0
1671177600000,386.10000000,387.20000000,364.20000000,367.70000000,448.78500000,1671191999999,166573.33130000,208,160.94700000,59375.18930000,0
1671192000000,367.90000000,368.10000000,357.80000000,361.80000000,344.90000000,1671206399999,125591.97250000,245,140.79500000,51257.08780000,0
1671206400000,361.50000000,362.60000000,352.40000000,362.00000000,363.50200000,1671220799999,130433.12790000,212,146.84700000,52764.73670000,0
1671220800000,362.20000000,364.40000000,346.70000000,353.00000000,1139.46000000,1671235199999,401361.00480000,339,699.59400000,246357.89400000,0
1671148800000,384.40000000,388.10000000,383.00000000,387.50000000,232.89400000,1671163199999,89930.65670000,143,102.27900000,39549.77410000,0
1671163200000,387.30000000,387.90000000,385.10000000,387.90000000,47.47000000,1671177599999,18351.71590000,53,18.04900000,6975.58690000,0
1671177600000,386.10000000,387.20000000,364.20000000,367.70000000,448.78500000,1671191999999,166573.33130000,208,160.94700000,59375.18930000,0
1671192000000,367.90000000,368.10000000,357.80000000,361.80000000,344.90000000,1671206399999,125591.97250000,245,140.79500000,51257.08780000,0
1671206400000,361.50000000,362.60000000,352.40000000,362.00000000,363.50200000,1671220799999,130433.12790000,212,146.84700000,52764.73670000,0
1671220800000,362.20000000,364.40000000,346.70000000,353.00000000,1139.46000000,1671235199999,401361.00480000,339,699.59400000,246357.89400000,0
1671148800000,384.40000000,388.10000000,383.00000000,387.50000000,232.89400000,1671163199999,89930.65670000,143,102.27900000,39549.77410000,0
1671163200000,387.30000000,387.90000000,385.10000000,387.90000000,47.47000000,1671177599999,18351.71590000,53,18.04900000,6975.58690000,0
1671177600000,386.10000000,387.20000000,364.20000000,367.70000000,448.78500000,1671191999999,166573.33130000,208,160.94700000,59375.18930000,0
1671192000000,367.90000000,368.10000000,357.80000000,361.80000000,344.90000000,1671206399999,125591.97250000,245,140.79500000,51257.08780000,0
1671206400000,361.50000000,362.60000000,352.40000000,362.00000000,363.50200000,1671220799999,130433.12790000,212,146.84700000,52764.73670000,0
1671220800000,362.20000000,364.40000000,346.70000000,353.00000000,1139.46000000,1671235199999,401361.00480000,339,699.59400000,246357.89400000,0
1671148800000,384.40000000,388.10000000,383.00000000,387.50000000,232.89400000,1671163199999,89930.65670000,143,102.27900000,39549.77410000,0
1671163200000,387.30000000,387.90000000,385.10000000,387.90000000,47.47000000,1671177599999,18351.71590000,53,18.04900000,6975.58690000,0
1671177600000,386.10000000,387.20000000,364.20000000,367.70000000,448.78500000,1671191999999,166573.33130000,208,160.94700000,59375.18930000,0
1671192000000,367.90000000,368.10000000,357.80000000,361.80000000,344.90000000,1671206399999,125591.97250000,245,140.79500000,51257.08780000,0
1671206400000,361.50000000,362.60000000,352.40000000,362.00000000,363.50200000,1671220799999,130433.12790000,212,146.84700000,52764.73670000,0
1671220800000,362.20000000,364.40000000,346.70000000,353.00000000,1139.46000000,1671235199999,401361.00480000,339,699.59400000,246357.89400000,0
1671148800000,384.40000000,388.10000000,383.00000000,387.50000000,232.89400000,1671163199999,89930.65670000,143,102.27900000,39549.77410000,0
1671163200000,387.30000000,387.90000000,385.10000000,387.90000000,47.47000000,1671177599999,18351.71590000,53,18.04900000,6975.58690000,0
1671177600000,386.10000000,387.20000000,364.20000000,367.70000000,448.78500000,1671191999999,166573.33130000,208,160.94700000,59375.18930000,0
1671192000000,367.90000000,368.10000000,357.80000000,361.80000000,344.90000000,1671206399999,125591.97250000,245,140.79500000,51257.08780000,0
1671206400000,361.50000000,362.60000000,352.40000000,362.00000000,363.50200000,1671220799999,130433.12790000,212,146.84700000,52764.73670000,0
1671220800000,362.20000000,364.40000000,346.70000000,353.00000000,1139.46000000,1671235199999,401361.00480000,339,699.59400000,246357.89400000,0
1664582400000,288.40000000,289.10000000,286.80000000,288.90000000,40.01200000,1664596799999,11512.86900000,52,18.99400000,5465.31070000,0
1664596800000,288.00000000,288.20000000,286.40000000,288.00000000,20.75400000,1664611199999,5963.28280000,33,8.86900000,2550.39130000,0
1664611200000,288.50000000,289.10000000,287.20000000,288.20000000,55.20900000,1664625599999,15931.11920000,48,21.51400000,6208.92170000,0
1664625600000,287.60000000,289.40000000,286.60000000,288.00000000,191.26100000,1664639999999,55069.53530000,139,94.25000000,27172.39980000,0
1664640000000,287.60000000,287.90000000,282.60000000,285.20000000,302.17800000,1664654399999,86319.90640000,143,131.37800000,37642.52510000,0
1664654400000,283.70000000,285.10000000,283.20000000,284.50000000,123.34000000,1664668799999,35080.37500000,96,74.19000000,21097.89500000,0
1664668800000,284.90000000,286.30000000,283.80000000,285.50000000,96.52300000,1664683199999,27504.19480000,57,57.73000000,16449.71480000,0
1664683200000,285.80000000,287.50000000,283.50000000,285.30000000,33.55800000,1664697599999,9601.97670000,35,16.49500000,4723.35820000,0
1664697600000,285.00000000,285.90000000,280.60000000,282.90000000,89.73900000,1664711999999,25324.52080000,34,36.84700000,10412.46000000,0
1664712000000,283.50000000,284.00000000,281.70000000,283.50000000,80.89400000,1664726399999,22903.88260000,84,64.19500000,18180.32290000,0
1664726400000,283.50000000,286.10000000,283.10000000,285.40000000,94.62500000,1664740799999,26910.78750000,74,56.53800000,16095.35380000,0
1664740800000,284.50000000,285.40000000,278.90000000,279.30000000,228.91500000,1664755199999,64462.19400000,91,64.49900000,18199.11390000,0
1664755200000,279.00000000,284.10000000,279.00000000,283.20000000,204.53300000,1664769599999,57676.57060000,69,139.52300000,39395.61760000,0
1664769600000,282.80000000,285.30000000,280.70000000,282.70000000,195.60300000,1664783999999,55296.83770000,43,91.77400000,25919.30520000,0
1664784000000,283.00000000,285.20000000,282.80000000,284.40000000,143.76800000,1664798399999,40868.29660000,37,94.97300000,27043.66870000,0
1664798400000,283.70000000,283.70000000,276.00000000,277.20000000,455.72800000,1664812799999,126921.75440000,194,162.90700000,45380.68390000,0
1664812800000,277.10000000,278.80000000,275.20000000,277.90000000,275.37500000,1664827199999,76398.28780000,141,146.28300000,40631.21460000,0
1664827200000,278.00000000,282.10000000,277.60000000,281.50000000,216.27800000,1664841599999,60332.48090000,137,136.85500000,38200.37910000,0
1664841600000,281.50000000,282.90000000,280.40000000,282.40000000,147.28000000,1664855999999,41540.58490000,89,73.47100000,20738.57400000,0
1664856000000,282.10000000,284.40000000,279.90000000,284.40000000,34.77700000,1664870399999,9779.49170000,30,12.50700000,3518.75710000,0
1664870400000,285.00000000,285.20000000,282.20000000,284.20000000,198.76100000,1664884799999,56453.09330000,75,49.90800000,14202.56770000,0
1664884800000,284.70000000,290.00000000,281.40000000,283.30000000,594.47000000,1664899199999,169634.70480000,177,400.00600000,114402.16310000,0
1664899200000,283.60000000,286.50000000,281.90000000,286.20000000,401.56200000,1664913599999,114164.96400000,139,206.70200000,58916.01820000,0
1664913600000,285.90000000,289.70000000,285.80000000,287.90000000,503.99200000,1664927999999,145236.30940000,190,290.56700000,83765.68820000,0
1664928000000,287.90000000,287.90000000,284.30000000,286.10000000,166.91500000,1664942399999,47672.72950000,98,87.23100000,24950.94000000,0
1664942400000,284.70000000,286.90000000,284.70000000,285.70000000,40.04700000,1664956799999,11449.57110000,29,18.24800000,5218.25110000,0
1664956800000,285.20000000,285.50000000,281.00000000,281.20000000,216.85800000,1664971199999,61217.73240000,58,59.31400000,16795.69520000,0
1664971200000,282.40000000,283.70000000,280.60000000,283.30000000,377.83400000,1664985599999,106584.06830000,129,208.78800000,58889.31140000,0
1664985600000,282.70000000,286.00000000,282.70000000,284.60000000,269.82300000,1664999999999,76749.91650000,138,124.53200000,35450.07000000,0
1665000000000,284.60000000,285.40000000,282.70000000,285.30000000,380.29900000,1665014399999,108153.91480000,138,242.25800000,68936.41880000,0
1665014400000,285.10000000,287.00000000,284.30000000,285.10000000,278.71700000,1665028799999,79620.09410000,118,171.06000000,48868.38050000,0
1665028800000,286.00000000,286.30000000,283.00000000,283.20000000,139.07000000,1665043199999,39419.70400000,55,38.11000000,10818.08480000,0
1665043200000,283.50000000,285.30000000,283.30000000,285.10000000,33.39900000,1665057599999,9513.83550000,27,26.47700000,7544.10370000,0
1665057600000,286.00000000,286.60000000,282.80000000,286.00000000,403.35300000,1665071999999,114926.74900000,112,251.99800000,71901.02330000,0
1665072000000,284.40000000,285.80000000,281.90000000,282.50000000,663.72800000,1665086399999,188092.78340000,185,229.68600000,65160.20040000,0
1665086400000,281.90000000,282.80000000,280.40000000,280.90000000,399.15500000,1665100799999,112472.77150000,167,144.42200000,40710.99450000,0
1665100800000,281.20000000,282.10000000,279.20000000,281.00000000,375.92900000,1665115199999,105502.34010000,118,153.61700000,43208.97100000,0
1665115200000,281.70000000,282.30000000,278.90000000,281.50000000,15.49700000,1665129599999,4354.48400000,27,10.69800000,3006.08350000,0
1665129600000,281.30000000,282.00000000,279.70000000,281.40000000,75.76400000,1665143999999,21240.16810000,38,35.37100000,9926.58720000,0
1665144000000,281.30000000,282.00000000,276.00000000,276.70000000,495.38500000,1665158399999,137607.18640000,167,241.21400000,67072.82390000,0
1665158400000,277.20000000,277.70000000,274.30000000,276.60000000,448.36300000,1665172799999,123922.05390000,150,165.41400000,45739.01630000,0
1665172800000,276.90000000,278.00000000,275.20000000,276.60000000,176.05700000,1665187199999,48710.76060000,99,100.74100000,27896.64840000,0
1665187200000,276.60000000,279.50000000,276.20000000,279.50000000,96.25400000,1665201599999,26779.23810000,85,51.24200000,14283.42040000,0
1665201600000,278.60000000,280.10000000,277.80000000,279.40000000,35.63800000,1665215999999,9932.91390000,34,8.22900000,2296.14650000,0
1665216000000,280.40000000,280.90000000,279.00000000,280.00000000,93.77400000,1665230399999,26256.55110000,44,34.46600000,9660.78850000,0
1665230400000,280.00000000,280.40000000,278.10000000,278.40000000,200.87000000,1665244799999,56084.49340000,101,90.65800000,25335.52280000,0
1665244800000,278.30000000,279.30000000,276.30000000,276.60000000,229.48900000,1665259199999,63916.19330000,176,134.26400000,37398.20190000,0
1665259200000,276.60000000,277.90000000,274.60000000,276.30000000,307.52400000,1665273599999,84960.27400000,190,146.67900000,40538.17560000,0
1665273600000,276.80000000,277.90000000,275.90000000,277.60000000,203.29600000,1665287999999,56252.65490000,121,64.62200000,17904.14650000,0
1665288000000,277.40000000,280.20000000,276.90000000,279.90000000,123.91200000,1665302399999,34576.65660000,89,47.84500000,13341.07060000,0
1665302400000,279.30000000,281.80000000,279.30000000,281.10000000,273.09300000,1665316799999,76671.05130000,105,117.03400000,32860.21900000,0
1665316800000,281.10000000,282.20000000,280.20000000,281.40000000,265.86000000,1665331199999,74830.52830000,189,123.51400000,34781.73190000,0
1665331200000,281.50000000,281.70000000,279.90000000,281.00000000,168.14800000,1665345599999,47251.43050000,130,105.88400000,29753.73330000,0
1665345600000,281.00000000,283.10000000,280.20000000,283.00000000,378.54200000,1665359999999,106595.66690000,207,243.45500000,68599.52990000,0
1665360000000,282.50000000,285.10000000,281.20000000,283.40000000,346.78500000,1665374399999,98187.73110000,170,162.63500000,46152.79270000,0
1665374400000,283.80000000,285.30000000,282.20000000,283.30000000,193.73000000,1665388799999,54991.83040000,123,95.74100000,27183.41690000,0
1665388800000,283.30000000,283.30000000,276.70000000,278.40000000,297.64000000,1665403199999,82958.87610000,162,94.20500000,26262.88640000,0
1665403200000,278.30000000,279.20000000,277.00000000,278.90000000,397.08200000,1665417599999,110434.90950000,277,208.26900000,57940.52860000,0
1665417600000,278.60000000,279.60000000,276.20000000,277.20000000,746.67300000,1665431999999,207478.37670000,338,395.35600000,109874.11920000,0
1665432000000,277.40000000,278.10000000,274.30000000,274.80000000,494.15900000,1665446399999,136687.47270000,289,230.24700000,63723.45030000,0
1665446400000,274.70000000,274.80000000,267.70000000,270.00000000,288.68200000,1665460799999,78076.92010000,216,157.08200000,42487.44970000,0
1665460800000,269.90000000,272.00000000,269.30000000,271.40000000,179.87700000,1665475199999,48678.35050000,133,86.27000000,23352.24070000,0
1665475200000,271.30000000,272.20000000,270.00000000,271.70000000,249.85400000,1665489599999,67767.86610000,151,127.17800000,34486.49840000,0
1665489600000,271.70000000,275.20000000,269.10000000,275.10000000,518.23600000,1665503999999,141204.69400000,276,244.07100000,66491.42630000,0
1665504000000,275.10000000,275.20000000,272.70000000,274.50000000,367.39800000,1665518399999,100667.79560000,257,197.85000000,54207.09780000,0
1665518400000,274.40000000,276.60000000,274.30000000,275.40000000,435.10300000,1665532799999,119878.13980000,211,281.87600000,77626.38860000,0
1665532800000,275.90000000,277.50000000,274.50000000,276.20000000,264.57500000,1665547199999,73119.88370000,199,178.40100000,49323.70110000,0
1665547200000,276.40000000,279.10000000,276.30000000,278.20000000,244.01400000,1665561599999,67761.51890000,136,135.22400000,37561.30160000,0
1665561600000,278.20000000,280.30000000,276.30000000,276.70000000,424.17600000,1665575999999,117816.25020000,166,244.11500000,67897.33830000,0
1665576000000,276.90000000,277.50000000,273.60000000,276.70000000,335.25500000,1665590399999,92331.81040000,165,93.08700000,25696.58130000,0
1665590400000,276.70000000,277.40000000,274.90000000,276.10000000,249.28100000,1665604799999,68815.19080000,199,138.59800000,38265.66870000,0
1665604800000,276.00000000,277.00000000,275.10000000,276.10000000,206.56800000,1665619199999,57010.95030000,170,100.99300000,27876.88770000,0
1665619200000,275.60000000,277.20000000,272.80000000,274.00000000,748.43400000,1665633599999,205641.75150000,192,362.32700000,99987.68780000,0
1665633600000,273.80000000,275.10000000,267.30000000,269.40000000,183.60900000,1665647999999,49948.00620000,136,73.64200000,20001.46220000,0
1665648000000,269.00000000,270.70000000,259.00000000,265.10000000,390.07600000,1665662399999,103543.97720000,232,185.99400000,49344.35270000,0
1665662400000,264.70000000,267.20000000,260.00000000,266.60000000,681.34300000,1665676799999,179568.20540000,370,358.30600000,94474.67400000,0
1665676800000,266.80000000,272.50000000,266.20000000,270.90000000,631.18200000,1665691199999,169843.53130000,324,316.18400000,85089.51660000,0
1665691200000,270.90000000,272.90000000,269.20000000,269.20000000,576.85700000,1665705599999,156548.71250000,268,308.39100000,83790.55010000,0
1665705600000,269.20000000,276.50000000,268.30000000,275.50000000,401.72000000,1665719999999,110105.07410000,196,263.64900000,72335.77370000,0
1665720000000,275.30000000,275.30000000,272.10000000,272.80000000,128.13900000,1665734399999,35102.14360000,112,57.52700000,15761.58570000,0
1665734400000,272.30000000,275.30000000,271.70000000,272.90000000,153.49500000,1665748799999,41964.73000000,117,77.62300000,21221.50360000,0
1665748800000,272.90000000,275.90000000,270.80000000,272.40000000,860.98800000,1665763199999,235390.79520000,371,434.13800000,118945.99210000,0
1665763200000,271.80000000,274.40000000,271.20000000,273.30000000,765.18100000,1665777599999,209034.36010000,277,565.79100000,154580.38090000,0
1665777600000,273.70000000,274.70000000,272.30000000,273.40000000,362.86000000,1665791999999,99195.37950000,205,155.51100000,42543.56050000,0
1665792000000,273.30000000,274.10000000,272.70000000,274.00000000,430.27100000,1665806399999,117720.51680000,179,220.40700000,60337.91680000,0
1665806400000,274.20000000,274.70000000,273.00000000,274.20000000,28.48200000,1665820799999,7791.93780000,28,9.18700000,2513.77670000,0
1665820800000,274.00000000,274.90000000,272.70000000,274.30000000,45.13200000,1665835199999,12343.88010000,28,22.75700000,6220.58630000,0
1665835200000,274.30000000,275.80000000,273.60000000,274.40000000,101.29500000,1665849599999,27811.91520000,75,59.29400000,16290.03120000,0
1665849600000,273.80000000,274.70000000,271.30000000,271.70000000,183.13700000,1665863999999,49924.77670000,106,91.82000000,25059.58670000,0
1665864000000,271.30000000,271.30000000,268.40000000,268.60000000,714.88300000,1665878399999,193031.96990000,149,86.24000000,23310.73450000,0
1665878400000,268.60000000,271.70000000,268.60000000,269.80000000,49.11400000,1665892799999,13274.46940000,60,27.92000000,7546.00270000,0
1665892800000,269.80000000,270.80000000,269.40000000,269.70000000,26.04600000,1665907199999,7028.35820000,30,8.03500000,2171.03900000,0
1665907200000,269.90000000,271.60000000,269.90000000,271.30000000,15.04400000,1665921599999,4077.95070000,21,7.63200000,2069.39160000,0
1665921600000,271.40000000,272.00000000,270.50000000,270.90000000,226.95200000,1665935999999,61663.33090000,88,167.64100000,45582.73170000,0
1665936000000,271.80000000,274.30000000,270.30000000,274.30000000,658.56300000,1665950399999,179170.32000000,123,563.11500000,153297.80120000,0
1665950400000,274.50000000,274.60000000,271.00000000,272.50000000,706.07500000,1665964799999,193040.92910000,136,346.81800000,94998.67460000,0
1665964800000,272.40000000,273.10000000,271.50000000,271.80000000,231.50100000,1665979199999,63067.76770000,107,163.64500000,44622.55680000,0
1665979200000,271.30000000,273.40000000,270.30000000,273.40000000,134.99700000,1665993599999,36730.11160000,58,89.84400000,24446.54710000,0
1665993600000,272.80000000,274.00000000,272.00000000,272.90000000,50.13500000,1666007999999,13688.13620000,23,21.01000000,5738.75700000,0
1666008000000,272.20000000,275.10000000,271.20000000,273.50000000,334.71700000,1666022399999,91455.14830000,147,162.57500000,44470.34470000,0
1666022400000,273.90000000,274.20000000,272.50000000,273.50000000,282.89700000,1666036799999,77377.96020000,109,188.12000000,51458.67230000,0
1666036800000,273.60000000,274.70000000,272.40000000,273.90000000,322.19800000,1666051199999,88133.96940000,143,169.13000000,46310.72800000,0
1666051200000,274.30000000,274.80000000,272.10000000,273.80000000,157.40400000,1666065599999,43033.39680000,87,74.55900000,20415.21730000,0
1666065600000,273.90000000,275.40000000,273.20000000,275.40000000,132.20500000,1666079999999,36197.59110000,62,32.93900000,9028.59100000,0
1666080000000,274.50000000,274.50000000,272.00000000,273.60000000,152.35900000,1666094399999,41694.10630000,49,83.49000000,22837.83400000,0
1666094400000,273.10000000,275.00000000,270.10000000,272.70000000,990.38000000,1666108799999,269654.62470000,155,170.90600000,46772.01130000,0
1666108800000,272.90000000,273.20000000,268.00000000,270.90000000,490.17700000,1666123199999,132689.88520000,145,113.13000000,30741.24650000,0
1666123200000,271.10000000,274.20000000,271.10000000,273.70000000,1092.42800000,1666137599999,298230.91710000,209,846.15400000,231226.75400000,0
1666137600000,274.00000000,274.20000000,272.00000000,273.00000000,441.95700000,1666151999999,120729.04810000,100,187.43900000,51337.43420000,0
1666152000000,272.70000000,273.30000000,270.50000000,271.60000000,702.47900000,1666166399999,190602.47670000,80,63.78300000,17365.41570000,0
1666166400000,271.50000000,272.30000000,269.90000000,271.40000000,161.48600000,1666180799999,43703.64820000,56,74.42100000,20159.38230000,0
1666180800000,271.60000000,274.20000000,271.40000000,274.00000000,938.63900000,1666195199999,256533.69940000,179,750.11200000,205115.59730000,0
1666195200000,273.90000000,273.90000000,272.00000000,273.20000000,553.42300000,1666209599999,150819.45360000,161,132.91800000,36297.81600000,0
1666209600000,273.70000000,274.20000000,268.80000000,270.50000000,1002.31900000,1666223999999,273089.19240000,188,392.31900000,107296.72480000,0
1666224000000,270.50000000,271.90000000,268.50000000,270.90000000,182.17400000,1666238399999,49200.58300000,88,58.01600000,15683.05340000,0
1666238400000,270.90000000,274.70000000,270.90000000,273.80000000,714.70300000,1666252799999,195865.87950000,115,684.18700000,187516.34000000,0
1666252800000,273.30000000,275.60000000,273.30000000,274.20000000,135.12600000,1666267199999,37071.45650000,50,109.06300000,29932.65020000,0
1666267200000,272.80000000,273.40000000,271.10000000,271.90000000,723.88600000,1666281599999,196917.19350000,144,130.34400000,35494.27800000,0
1666281600000,271.60000000,272.50000000,267.00000000,268.80000000,720.60200000,1666295999999,194548.78650000,144,140.19700000,37767.07680000,0
1666296000000,268.50000000,270.00000000,267.80000000,269.50000000,247.18300000,1666310399999,66539.81140000,116,188.90300000,50872.05980000,0
1666310400000,268.90000000,269.80000000,266.80000000,267.60000000,170.43100000,1666324799999,45729.08910000,106,78.38800000,21093.15150000,0
1666324800000,267.60000000,269.40000000,267.10000000,268.10000000,24.89300000,1666339199999,6666.27030000,20,9.61800000,2577.33680000,0
1666339200000,266.00000000,267.00000000,264.90000000,265.10000000,116.71500000,1666353599999,31011.35480000,64,74.96900000,19933.83400000,0
1666353600000,265.10000000,268.70000000,263.20000000,268.10000000,367.77400000,1666367999999,98234.66040000,138,263.89600000,70466.31660000,0
1666368000000,268.10000000,269.90000000,267.50000000,268.60000000,357.08100000,1666382399999,95989.48990000,142,156.53900000,42092.92110000,0
1666382400000,269.00000000,269.50000000,267.70000000,268.50000000,290.90800000,1666396799999,78126.76090000,119,127.14000000,34172.23070000,0
1666396800000,268.50000000,269.20000000,267.30000000,268.80000000,91.17200000,1666411199999,24465.28080000,82,48.93100000,13141.15440000,0
1666411200000,268.70000000,269.70000000,268.30000000,269.20000000,35.04200000,1666425599999,9426.69320000,23,20.38400000,5488.86400000,0
1666425600000,270.00000000,271.40000000,270.00000000,270.70000000,77.33000000,1666439999999,20933.57310000,37,55.11900000,14921.44880000,0
1666440000000,270.70000000,273.10000000,269.90000000,271.80000000,618.98500000,1666454399999,168470.13130000,142,436.01600000,118879.07290000,0
1666454400000,271.90000000,273.10000000,271.10000000,272.90000000,317.60800000,1666468799999,86360.14120000,121,139.91500000,38057.30550000,0
1666468800000,273.10000000,273.40000000,271.60000000,272.00000000,145.94900000,1666483199999,39735.80040000,73,47.97600000,13076.67030000,0
1666483200000,272.00000000,272.50000000,270.00000000,271.90000000,361.71800000,1666497599999,97976.48000000,114,108.74000000,29491.91810000,0
1666497600000,272.00000000,272.50000000,270.50000000,271.10000000,11.45000000,1666511999999,3109.34880000,21,6.84500000,1861.05700000,0
1666512000000,271.10000000,272.50000000,270.70000000,271.00000000,137.27900000,1666526399999,37216.77690000,24,27.22100000,7386.80710000,0
1666526400000,271.40000000,272.90000000,270.50000000,272.60000000,455.03000000,1666540799999,123953.69600000,99,293.32500000,79922.16210000,0
1666540800000,272.70000000,277.70000000,272.30000000,276.90000000,642.32400000,1666555199999,176177.17170000,111,592.03600000,162278.17230000,0
1666555200000,276.40000000,280.80000000,276.20000000,280.80000000,347.40500000,1666569599999,96795.80260000,150,181.39200000,50574.55460000,0
1666569600000,280.90000000,281.60000000,276.70000000,277.50000000,402.53400000,1666583999999,112306.61720000,134,83.45000000,23303.07000000,0
1666584000000,277.50000000,278.40000000,274.30000000,275.00000000,205.18000000,1666598399999,56718.63720000,70,27.63200000,7667.20590000,0
1666598400000,275.10000000,277.80000000,275.10000000,277.60000000,140.13000000,1666612799999,38830.72540000,56,78.62300000,21797.83470000,0
1666612800000,278.10000000,280.70000000,276.20000000,277.30000000,363.91100000,1666627199999,101580.82150000,130,227.31700000,63523.57820000,0
1666627200000,277.10000000,278.70000000,276.00000000,278.00000000,359.73800000,1666641599999,99714.27120000,171,173.36800000,48100.11630000,0
1666641600000,278.50000000,279.20000000,276.10000000,277.40000000,289.35400000,1666655999999,80494.19610000,150,197.74400000,55041.02390000,0
1666656000000,277.70000000,280.00000000,277.00000000,279.70000000,193.00200000,1666670399999,53748.32010000,112,95.10000000,26499.21890000,0
1666670400000,279.00000000,280.10000000,277.70000000,277.70000000,62.89200000,1666684799999,17546.82490000,43,27.40200000,7653.10330000,0
1666684800000,278.50000000,278.50000000,276.30000000,277.40000000,123.30200000,1666699199999,34217.50100000,50,79.15900000,21978.43880000,0
1666699200000,277.00000000,284.50000000,276.90000000,283.30000000,792.62200000,1666713599999,222064.72350000,159,522.16800000,146434.26820000,0
1666713600000,284.00000000,300.90000000,282.80000000,300.90000000,964.70100000,1666727999999,283030.88090000,293,592.53300000,174513.18420000,0
1666728000000,300.00000000,300.00000000,294.00000000,295.00000000,2271.11500000,1666742399999,674431.06830000,241,445.37700000,131873.79030000,0
1666742400000,295.60000000,298.50000000,293.40000000,297.20000000,335.64300000,1666756799999,99497.93210000,89,204.42100000,60708.78190000,0
1666756800000,297.20000000,297.50000000,295.50000000,297.00000000,48.36800000,1666771199999,14340.87740000,26,38.63600000,11461.59940000,0
1666771200000,298.80000000,303.30000000,297.20000000,301.80000000,263.00000000,1666785599999,79237.23320000,78,223.83500000,67424.74350000,0
1666785600000,301.50000000,304.60000000,297.90000000,301.00000000,700.63600000,1666799999999,211199.44050000,179,459.36000000,138753.51940000,0
1666800000000,301.20000000,301.20000000,297.60000000,300.50000000,426.62700000,1666814399999,127506.99160000,174,141.76200000,42432.40270000,0
1666814400000,300.60000000,301.90000000,298.20000000,300.80000000,271.68900000,1666828799999,81527.82440000,147,169.87000000,51026.25160000,0
1666828800000,301.30000000,302.60000000,297.90000000,300.30000000,218.23000000,1666843199999,65527.38980000,96,123.56900000,37200.69240000,0
1666843200000,300.40000000,301.80000000,299.40000000,299.70000000,177.48200000,1666857599999,53419.67920000,45,44.04600000,13264.27970000,0
1666857600000,300.50000000,300.50000000,296.30000000,298.80000000,179.82200000,1666871999999,53558.00630000,55,55.13300000,16452.04830000,0
1666872000000,297.90000000,299.20000000,292.70000000,292.90000000,555.73200000,1666886399999,164345.19880000,139,197.65000000,58496.56080000,0
1666886400000,292.90000000,296.50000000,292.50000000,296.40000000,695.57100000,1666900799999,205168.68110000,164,464.13500000,137018.83410000,0
1666900800000,295.60000000,295.60000000,290.70000000,291.40000000,552.52800000,1666915199999,161876.75160000,198,322.14200000,94471.46320000,0
1666915200000,291.50000000,292.10000000,288.20000000,290.10000000,233.71200000,1666929599999,67842.38510000,110,74.65700000,21723.63080000,0
1666929600000,290.70000000,291.10000000,285.00000000,285.00000000,210.27400000,1666943999999,60535.90290000,112,46.85200000,13595.77460000,0
1666944000000,287.60000000,289.20000000,287.30000000,288.30000000,159.66500000,1666958399999,46083.01520000,43,154.58800000,44618.39090000,0
1666958400000,288.20000000,294.20000000,286.50000000,292.50000000,437.09000000,1666972799999,127356.83410000,163,257.57900000,74995.27160000,0
1666972800000,292.90000000,296.60000000,292.30000000,293.60000000,442.60400000,1666987199999,130444.95740000,168,233.71600000,68924.49580000,0
1666987200000,294.10000000,294.40000000,291.20000000,291.60000000,562.02000000,1667001599999,164379.30620000,125,375.66200000,109943.88340000,0
1667001600000,291.90000000,294.60000000,290.80000000,294.60000000,134.98500000,1667015999999,39416.63410000,82,51.59200000,15082.61180000,0
1667016000000,295.20000000,295.20000000,291.80000000,293.60000000,65.09600000,1667030399999,19089.32680000,26,23.25000000,6854.87030000,0
1667030400000,295.10000000,299.50000000,294.00000000,295.20000000,385.34500000,1667044799999,114439.40560000,89,327.61900000,97290.80670000,0
1667044800000,294.60000000,300.30000000,293.20000000,298.30000000,478.40500000,1667059199999,142401.73410000,164,323.42200000,96491.00760000,0
1667059200000,298.00000000,305.10000000,298.00000000,299.90000000,1190.73700000,1667073599999,358982.23590000,263,801.45900000,242208.01570000,0
1667073600000,299.70000000,302.50000000,297.50000000,299.20000000,435.47900000,1667087999999,130542.25120000,166,100.37600000,30182.84170000,0
1667088000000,300.00000000,304.00000000,296.00000000,300.80000000,459.48300000,1667102399999,137824.86270000,126,230.60100000,69649.43490000,0
1667102400000,300.00000000,302.40000000,298.10000000,302.20000000,144.04500000,1667116799999,43132.10370000,58,46.62800000,14002.47040000,0
1667116800000,302.20000000,302.20000000,296.00000000,299.50000000,295.37900000,1667131199999,87715.62510000,65,23.24500000,6933.30830000,0
1667131200000,298.30000000,298.60000000,292.80000000,294.40000000,310.24700000,1667145599999,91539.67080000,101,65.13100000,19239.79280000,0
1667145600000,294.20000000,295.60000000,292.50000000,295.40000000,123.58800000,1667159999999,36316.84480000,62,78.45400000,23089.48910000,0
1667160000000,295.80000000,296.80000000,291.80000000,296.40000000,252.21700000,1667174399999,74322.07450000,93,114.17300000,33701.87850000,0
1667174400000,296.40000000,298.10000000,291.10000000,297.20000000,1140.83800000,1667188799999,335445.06280000,218,296.88800000,87605.00320000,0
1667188800000,296.90000000,297.80000000,293.80000000,294.90000000,88.11600000,1667203199999,26124.83930000,50,15.73000000,4651.58630000,0
1667203200000,294.00000000,302.00000000,293.40000000,299.50000000,783.89000000,1667217599999,235040.13150000,105,728.34600000,218514.30210000,0
1667217600000,299.80000000,302.50000000,285.00000000,288.20000000,1479.02000000,1667231999999,429299.91440000,306,345.89900000,102171.87930000,0
1667232000000,287.10000000,288.60000000,283.10000000,286.00000000,488.38200000,1667246399999,139029.87390000,184,171.20600000,48717.77370000,0
1667246400000,286.30000000,288.90000000,285.30000000,287.50000000,305.51000000,1667260799999,87673.23080000,179,182.23600000,52300.47060000,0
1667260800000,287.00000000,288.90000000,286.90000000,287.30000000,116.58300000,1667275199999,33561.92930000,92,45.53200000,13109.65840000,0
1667275200000,287.20000000,290.40000000,286.00000000,289.40000000,167.26600000,1667289599999,48231.00360000,80,95.57800000,27590.35530000,0
1667289600000,289.90000000,292.30000000,289.10000000,289.90000000,335.42100000,1667303999999,97425.10260000,137,140.17800000,40714.44530000,0
1667304000000,289.60000000,289.60000000,282.20000000,282.40000000,510.76200000,1667318399999,145764.11650000,212,223.97200000,63957.93930000,0
1667318400000,282.30000000,285.40000000,281.80000000,284.20000000,571.49800000,1667332799999,162225.93720000,244,332.59100000,94435.22910000,0
1667332800000,283.80000000,286.30000000,283.50000000,285.30000000,497.99100000,1667347199999,141976.57660000,198,244.39800000,69736.46010000,0
1667347200000,284.90000000,288.30000000,283.90000000,287.30000000,188.23600000,1667361599999,53746.26550000,107,109.26900000,31207.57230000,0
1667361600000,287.10000000,287.50000000,284.00000000,285.70000000,263.24400000,1667375999999,75094.88690000,71,116.69000000,33300.57990000,0
1667376000000,285.80000000,324.00000000,285.10000000,307.10000000,5281.35600000,1667390399999,1641065.63870000,797,3357.33600000,1042033.07640000,0
1667390400000,306.80000000,325.00000000,305.30000000,315.00000000,1292.24500000,1667404799999,408521.04610000,397,631.50300000,199705.70660000,0
1667404800000,316.10000000,320.00000000,308.00000000,309.00000000,1064.47300000,1667419199999,333849.11830000,403,425.25600000,133624.92600000,0
1667419200000,308.90000000,316.00000000,304.20000000,315.20000000,1140.36100000,1667433599999,353840.55190000,317,748.08200000,232678.05890000,0
1667433600000,314.60000000,335.50000000,312.50000000,328.40000000,1375.02900000,1667447999999,450460.83710000,469,745.54700000,244276.82950000,0
1667448000000,327.30000000,327.80000000,319.10000000,319.10000000,328.76100000,1667462399999,106484.33030000,159,140.32700000,45452.34700000,0
1667462400000,319.60000000,322.70000000,313.90000000,315.70000000,493.38800000,1667476799999,157630.45900000,207,309.29000000,98747.88280000,0
1667476800000,316.30000000,319.00000000,313.50000000,315.20000000,732.87800000,1667491199999,231982.92020000,260,411.41400000,130284.36640000,0
1667491200000,315.50000000,328.00000000,315.50000000,326.30000000,657.91900000,1667505599999,210908.92140000,266,359.20100000,115155.16710000,0
1667505600000,326.00000000,326.00000000,318.00000000,319.30000000,649.64300000,1667519999999,208426.57360000,227,249.54900000,80094.44010000,0
1667520000000,319.40000000,322.70000000,317.70000000,322.00000000,373.46000000,1667534399999,119681.70640000,187,189.48100000,60755.41140000,0
1667534400000,322.00000000,333.80000000,321.70000000,331.20000000,433.46200000,1667548799999,141660.79170000,157,284.69700000,92954.51900000,0
1667548800000,331.20000000,347.60000000,331.20000000,334.90000000,887.96400000,1667563199999,302944.99430000,309,461.63400000,157514.84830000,0
1667563200000,334.70000000,355.50000000,330.60000000,345.20000000,1097.32600000,1667577599999,378449.94130000,397,595.53000000,205384.33280000,0
1667577600000,346.40000000,351.00000000,342.80000000,350.90000000,678.41700000,1667591999999,235105.62190000,272,354.95400000,123039.68120000,0
1667592000000,351.20000000,351.20000000,341.60000000,344.00000000,776.61800000,1667606399999,268296.42110000,306,343.78300000,118797.49700000,0
1667606400000,344.00000000,348.80000000,341.50000000,347.80000000,773.96500000,1667620799999,266452.51360000,265,397.54700000,137230.07520000,0
1667620800000,347.40000000,354.20000000,345.00000000,350.60000000,545.63100000,1667635199999,190576.99570000,196,331.71300000,115915.06730000,0
1667635200000,350.20000000,360.10000000,344.20000000,355.90000000,1280.48600000,1667649599999,452600.52270000,342,709.43000000,251198.54210000,0
1667649600000,356.10000000,362.40000000,349.70000000,360.80000000,901.83400000,1667663999999,320607.45770000,318,514.80600000,183384.05580000,0
1667664000000,362.00000000,365.00000000,353.30000000,354.90000000,1479.57300000,1667678399999,527261.83180000,303,201.60400000,72041.99670000,0
1667678400000,355.20000000,360.40000000,352.00000000,352.70000000,2903.26300000,1667692799999,1035805.63810000,503,1386.38400000,496787.26140000,0
1667692800000,352.00000000,353.10000000,346.60000000,351.10000000,502.87300000,1667707199999,175823.79770000,242,190.08200000,66467.79410000,0
1667707200000,350.70000000,356.40000000,349.00000000,355.20000000,420.73300000,1667721599999,148325.35570000,183,254.13200000,89636.89400000,0
1667721600000,356.80000000,359.00000000,350.00000000,352.70000000,710.22800000,1667735999999,251951.62160000,156,354.84400000,126680.84450000,0
1667736000000,351.70000000,353.90000000,350.10000000,352.70000000,338.54200000,1667750399999,119282.30330000,177,205.67300000,72518.41420000,0
1667750400000,351.20000000,358.90000000,349.80000000,356.20000000,2406.83300000,1667764799999,855860.80330000,495,1207.72200000,430343.23800000,0
1667764800000,356.60000000,359.60000000,344.90000000,348.00000000,799.29100000,1667779199999,283129.61500000,270,392.39300000,139474.59100000,0
1667779200000,348.70000000,373.20000000,347.80000000,365.10000000,3682.75100000,1667793599999,1323036.42300000,747,2410.52300000,867090.73300000,0
1667793600000,364.70000000,366.60000000,350.90000000,351.90000000,2173.88300000,1667807999999,788674.52850000,661,827.97200000,300671.42890000,0
1667808000000,352.20000000,363.90000000,352.10000000,360.10000000,755.85100000,1667822399999,271654.31510000,313,412.54700000,148201.09370000,0
1667822400000,360.00000000,363.40000000,348.20000000,356.60000000,2764.50400000,1667836799999,979871.32630000,539,1228.30500000,437019.69340000,0
1667836800000,357.60000000,357.60000000,348.00000000,356.90000000,1402.35500000,1667851199999,493541.65990000,411,687.80800000,242446.51570000,0
1667851200000,357.40000000,359.20000000,345.00000000,350.70000000,1990.34100000,1667865599999,703446.70980000,538,535.62000000,189885.92630000,0
1667865600000,349.40000000,354.60000000,334.30000000,335.30000000,1152.81400000,1667879999999,402385.17790000,391,627.88300000,220155.56820000,0
1667880000000,334.70000000,340.20000000,323.50000000,336.00000000,1174.43400000,1667894399999,390518.24160000,445,563.72300000,187668.37130000,0
1667894400000,335.30000000,338.60000000,332.50000000,332.50000000,624.20600000,1667908799999,209435.92000000,268,217.74800000,73061.91440000,0
1667908800000,333.30000000,346.00000000,329.00000000,344.80000000,4523.38100000,1667923199999,1521900.20100000,783,2582.15900000,872996.35320000,0
1667923200000,345.50000000,356.00000000,287.80000000,298.20000000,5158.15900000,1667937599999,1716077.19800000,1361,1834.14400000,615274.58860000,0
1667937600000,299.90000000,314.70000000,289.50000000,302.20000000,955.44500000,1667951999999,285226.90950000,562,447.98100000,134238.53400000,0
1667952000000,302.20000000,313.50000000,298.50000000,312.60000000,887.33600000,1667966399999,271272.81340000,403,442.87300000,135410.75260000,0
1667966400000,313.00000000,313.80000000,305.00000000,305.20000000,816.16700000,1667980799999,252661.69660000,290,345.84100000,107223.78720000,0
1667980800000,305.20000000,305.20000000,289.50000000,302.00000000,792.81600000,1667995199999,236775.41830000,309,397.87000000,118778.77360000,0
1667995200000,301.60000000,305.80000000,283.40000000,283.40000000,885.63100000,1668009599999,262387.82290000,510,460.93500000,136603.80860000,0
1668009600000,283.50000000,325.00000000,271.00000000,280.20000000,7854.46700000,1668023999999,2470218.37170000,584,7153.17600000,2273690.06090000,0
1668024000000,280.90000000,285.10000000,252.70000000,267.50000000,1456.07600000,1668038399999,387601.96770000,637,581.36100000,154081.08800000,0
1668038400000,267.10000000,285.80000000,265.10000000,281.20000000,879.49400000,1668052799999,244703.92580000,383,405.57000000,112617.90340000,0
1668052800000,281.90000000,290.00000000,279.20000000,285.00000000,223.98100000,1668067199999,63788.21790000,119,105.25900000,30046.96950000,0
1668067200000,285.00000000,289.90000000,277.60000000,281.70000000,388.41700000,1668081599999,109740.53570000,168,205.71200000,58132.74250000,0
1668081600000,281.90000000,326.50000000,280.70000000,318.50000000,1409.84500000,1668095999999,435427.96550000,550,708.52400000,218558.55770000,0
1668096000000,318.70000000,325.60000000,308.50000000,317.80000000,1149.75100000,1668110399999,366738.31960000,359,788.13200000,251987.23260000,0
1668110400000,317.60000000,328.80000000,314.40000000,324.60000000,712.96500000,1668124799999,229043.66650000,329,356.18600000,114677.26200000,0
1668124800000,323.90000000,340.90000000,320.00000000,323.90000000,791.82100000,1668139199999,261154.68640000,307,479.58900000,158513.15590000,0
1668139200000,322.70000000,336.60000000,322.00000000,335.40000000,183.11600000,1668153599999,60571.32760000,116,115.49000000,38232.19350000,0
1668153600000,334.00000000,344.60000000,331.20000000,335.30000000,1217.96100000,1668167999999,412510.39700000,346,741.90700000,251297.87000000,0
1668168000000,334.60000000,342.00000000,313.80000000,319.50000000,843.78500000,1668182399999,276949.16950000,334,390.74600000,128466.42210000,0
1668182400000,319.10000000,333.50000000,313.70000000,325.30000000,1052.26900000,1668196799999,339801.90210000,369,616.55000000,199024.46960000,0
1668196800000,324.50000000,326.70000000,319.40000000,326.10000000,838.49900000,1668211199999,270531.14680000,307,399.95300000,129114.90290000,0
1668211200000,327.00000000,327.60000000,316.00000000,317.70000000,977.30800000,1668225599999,315357.34090000,248,526.90500000,169917.09100000,0
1668225600000,318.20000000,318.80000000,307.80000000,314.00000000,285.12300000,1668239999999,89114.95780000,175,124.88800000,39086.88120000,0
1668240000000,313.90000000,317.50000000,311.00000000,315.30000000,555.31700000,1668254399999,174432.39360000,229,278.39000000,87429.36680000,0
1668254400000,315.40000000,321.00000000,314.20000000,316.20000000,518.41200000,1668268799999,164551.27110000,219,252.37800000,80231.26600000,0
1668268800000,316.20000000,323.00000000,314.80000000,321.20000000,529.29700000,1668283199999,168719.62610000,155,393.88200000,125674.37070000,0
1668283200000,322.30000000,323.00000000,313.90000000,315.10000000,286.95900000,1668297599999,91324.64620000,110,113.03300000,36244.05520000,0
1668297600000,316.20000000,317.50000000,313.70000000,314.40000000,206.88900000,1668311999999,65187.55620000,122,94.02200000,29652.04430000,0
1668312000000,314.80000000,314.80000000,306.60000000,308.40000000,101.27600000,1668326399999,31471.71660000,59,54.15600000,16872.03240000,0
1668326400000,308.40000000,308.40000000,300.10000000,304.40000000,266.97800000,1668340799999,80948.93700000,123,85.82600000,26056.51610000,0
1668340800000,304.90000000,308.00000000,304.00000000,307.40000000,200.04500000,1668355199999,61243.25590000,91,92.95700000,28497.44030000,0
1668355200000,307.20000000,307.20000000,295.70000000,299.80000000,596.97700000,1668369599999,179782.18480000,228,190.85600000,57569.08660000,0
1668369600000,301.60000000,304.00000000,292.80000000,299.50000000,1837.92400000,1668383999999,548458.29960000,423,876.43600000,262520.15140000,0
1668384000000,298.80000000,302.40000000,292.00000000,293.70000000,522.75200000,1668398399999,155544.68170000,171,211.36500000,63213.66570000,0
1668398400000,293.70000000,301.80000000,280.90000000,300.70000000,2069.98100000,1668412799999,607486.28180000,451,1322.63000000,388223.43150000,0
1668412800000,303.00000000,308.00000000,301.60000000,303.00000000,270.49500000,1668427199999,82445.60900000,91,154.71200000,47220.63700000,0
1668427200000,301.80000000,311.40000000,298.50000000,302.00000000,3486.23700000,1668441599999,1062591.95000000,850,2452.94000000,749601.99120000,0
1668441600000,300.90000000,302.00000000,294.00000000,295.50000000,1034.58900000,1668455999999,307194.29030000,309,432.83000000,128442.25320000,0
1668456000000,295.00000000,300.80000000,291.20000000,299.80000000,1306.16200000,1668470399999,386859.39490000,347,749.90500000,222851.98590000,0
1668470400000,299.90000000,310.00000000,299.40000000,306.50000000,1122.05000000,1668484799999,339097.38420000,287,741.17700000,224254.93720000,0
1668484800000,307.60000000,308.10000000,303.30000000,307.40000000,32.55200000,1668499199999,9971.21210000,36,8.28600000,2540.35600000,0
1668499200000,306.70000000,311.30000000,306.60000000,308.70000000,145.57800000,1668513599999,45179.81640000,85,126.58600000,39308.20710000,0
1668513600000,309.50000000,313.40000000,307.80000000,311.40000000,460.19700000,1668527999999,143177.01890000,169,322.49500000,100503.46820000,0
1668528000000,311.40000000,314.00000000,305.00000000,309.00000000,515.90400000,1668542399999,159336.79770000,173,113.21000000,35209.08090000,0
1668542400000,309.40000000,310.00000000,304.60000000,305.70000000,121.31900000,1668556799999,37360.35560000,92,80.13400000,24733.44840000,0
1668556800000,305.70000000,313.00000000,304.60000000,310.70000000,305.88600000,1668571199999,94939.80450000,122,256.80300000,79823.82080000,0
1668571200000,311.40000000,316.00000000,311.00000000,312.90000000,298.32000000,1668585599999,93648.37680000,100,246.02200000,77318.84970000,0
1668585600000,311.20000000,311.20000000,302.40000000,305.50000000,351.47100000,1668599999999,106950.73830000,94,30.04100000,9165.50330000,0
1668600000000,305.50000000,309.00000000,302.10000000,302.90000000,540.27900000,1668614399999,164676.08390000,155,187.23500000,57402.36890000,0
1668614400000,302.60000000,310.00000000,302.00000000,307.60000000,936.01900000,1668628799999,287537.26860000,228,524.94500000,161699.10860000,0
1668628800000,307.90000000,308.90000000,304.80000000,307.30000000,508.10700000,1668643199999,155952.95310000,147,256.07500000,78799.45750000,0
1668643200000,308.10000000,311.90000000,307.40000000,308.30000000,316.80600000,1668657599999,97907.85520000,130,231.06000000,71426.56700000,0
1668657600000,305.80000000,318.00000000,305.80000000,315.70000000,468.77500000,1668671999999,147353.98770000,93,429.14900000,134937.70390000,0
1668672000000,317.10000000,321.00000000,312.20000000,317.60000000,321.61300000,1668686399999,102142.37910000,92,191.61100000,60926.51300000,0
1668686400000,318.60000000,322.50000000,314.50000000,320.20000000,635.76900000,1668700799999,201780.02680000,193,369.57600000,117328.94340000,0
1668700800000,319.50000000,331.00000000,319.50000000,328.10000000,770.02000000,1668715199999,251812.56350000,221,592.05800000,193560.24320000,0
1668715200000,326.30000000,340.40000000,326.20000000,337.00000000,911.46800000,1668729599999,304725.49460000,397,615.22900000,205773.32620000,0
1668729600000,336.40000000,342.10000000,333.60000000,337.30000000,328.50500000,1668743999999,110612.79040000,192,124.44700000,41986.78130000,0
1668744000000,337.40000000,339.00000000,331.30000000,331.30000000,33.92300000,1668758399999,11401.14910000,42,14.31300000,4823.02400000,0
1668758400000,332.20000000,340.90000000,332.20000000,340.40000000,289.00200000,1668772799999,97896.98030000,84,216.37900000,73333.15020000,0
1668772800000,341.90000000,341.90000000,335.70000000,336.00000000,430.93500000,1668787199999,145537.06380000,176,184.50300000,62321.25850000,0
1668787200000,335.70000000,339.90000000,332.10000000,337.10000000,463.77800000,1668801599999,155569.10280000,184,135.81500000,45598.02700000,0
1668801600000,337.10000000,340.90000000,335.10000000,336.70000000,214.99500000,1668815999999,72559.05720000,128,99.09400000,33541.99170000,0
1668816000000,336.80000000,338.00000000,330.60000000,335.50000000,213.91700000,1668830399999,71400.98360000,116,77.56100000,25963.12260000,0
1668830400000,335.50000000,343.50000000,334.40000000,343.50000000,214.47100000,1668844799999,72575.02940000,45,206.09800000,69743.24940000,0
1668844800000,345.00000000,348.00000000,340.00000000,340.80000000,176.35000000,1668859199999,60597.95490000,63,125.46400000,43266.70400000,0
1668859200000,341.80000000,345.00000000,339.10000000,341.20000000,481.76300000,1668873599999,164652.54060000,179,178.85000000,61252.18910000,0
1668873600000,341.30000000,343.00000000,338.40000000,342.30000000,215.22300000,1668887999999,73302.23080000,125,62.11700000,21236.15380000,0
1668888000000,341.30000000,347.20000000,340.10000000,344.90000000,406.31400000,1668902399999,139592.44800000,155,155.98300000,53671.33470000,0
1668902400000,345.90000000,350.10000000,342.20000000,343.30000000,206.72900000,1668916799999,71665.71800000,123,96.89300000,33686.93500000,0
1668916800000,342.30000000,345.10000000,340.90000000,342.10000000,70.77300000,1668931199999,24252.74310000,35,36.03400000,12359.63600000,0
1668931200000,341.20000000,341.20000000,331.00000000,331.90000000,374.70000000,1668945599999,126023.90180000,84,61.96300000,20869.42230000,0
1668945600000,330.00000000,335.10000000,329.20000000,333.70000000,203.77700000,1668959999999,67810.88600000,104,86.37700000,28788.11740000,0
1668960000000,334.30000000,337.50000000,331.00000000,335.60000000,294.98500000,1668974399999,98513.22780000,133,116.69400000,39052.89890000,0
1668974400000,335.80000000,337.50000000,327.00000000,335.50000000,2115.10300000,1668988799999,707160.30020000,193,743.26300000,250052.73030000,0
1668988800000,334.60000000,343.40000000,321.60000000,326.50000000,4227.39500000,1669003199999,1423185.48540000,555,2147.02600000,727541.86190000,0
1669003200000,326.20000000,332.20000000,323.60000000,328.90000000,267.53100000,1669017599999,87958.82500000,90,153.04100000,50397.94040000,0
1669017600000,329.50000000,330.00000000,323.40000000,324.90000000,142.88800000,1669031999999,46503.17030000,55,41.46000000,13518.56200000,0
1669032000000,324.90000000,335.30000000,318.90000000,331.10000000,738.99700000,1669046399999,241835.90230000,210,391.88100000,128928.11770000,0
1669046400000,331.80000000,333.20000000,321.20000000,322.00000000,508.00200000,1669060799999,166476.64130000,202,254.65400000,83794.12960000,0
1669060800000,324.10000000,332.20000000,319.90000000,327.10000000,648.36600000,1669075199999,211024.28430000,197,324.79100000,106483.03420000,0
1669075200000,327.50000000,336.00000000,326.50000000,334.00000000,440.48600000,1669089599999,145317.30360000,168,215.62500000,71363.13040000,0
1669089600000,334.20000000,335.50000000,329.50000000,330.00000000,74.00800000,1669103999999,24644.36390000,45,49.03300000,16376.07760000,0
1669104000000,330.00000000,333.20000000,326.80000000,331.30000000,156.79700000,1669118399999,51950.72850000,80,78.08500000,25900.64190000,0
1669118400000,331.80000000,379.20000000,329.60000000,375.00000000,2764.80800000,1669132799999,996293.88600000,723,2160.54200000,776319.38870000,0
1669132800000,376.00000000,380.00000000,367.10000000,373.10000000,905.65400000,1669147199999,338175.97640000,330,525.10500000,196570.50150000,0
1669147200000,372.80000000,380.80000000,369.00000000,380.60000000,774.21700000,1669161599999,290016.06050000,292,406.78100000,152417.13670000,0
1669161600000,380.20000000,447.20000000,340.00000000,437.50000000,3067.78100000,1669175999999,1252270.89940000,937,1671.77600000,682312.22790000,0
1669176000000,437.20000000,438.50000000,423.70000000,427.20000000,635.07400000,1669190399999,274282.52800000,133,438.83500000,189995.63370000,0
1669190400000,428.50000000,428.70000000,417.70000000,422.90000000,684.23100000,1669204799999,289806.16120000,168,292.65300000,124379.88140000,0
1669204800000,424.00000000,438.20000000,412.80000000,422.60000000,3171.59000000,1669219199999,1340996.47440000,575,1673.42500000,710331.61970000,0
1669219200000,425.50000000,430.40000000,408.40000000,420.70000000,1676.10000000,1669233599999,705311.85070000,405,864.28800000,366030.93050000,0
1669233600000,420.90000000,429.10000000,417.40000000,424.90000000,338.92200000,1669247999999,143887.76060000,195,158.30800000,67254.49420000,0
1669248000000,424.10000000,424.10000000,410.00000000,410.40000000,382.92500000,1669262399999,159222.22700000,172,62.97300000,26153.82060000,0
1669262400000,413.20000000,423.50000000,401.90000000,423.20000000,295.91500000,1669276799999,121557.77860000,120,136.44700000,56691.20300000,0
1669276800000,413.20000000,426.50000000,413.10000000,417.70000000,1004.73300000,1669291199999,419300.62440000,178,328.83600000,137972.09880000,0
1669291200000,416.90000000,421.90000000,408.00000000,420.30000000,979.10100000,1669305599999,405894.80670000,269,600.60900000,249842.03700000,0
1669305600000,421.30000000,422.00000000,412.50000000,419.60000000,509.16700000,1669319999999,212390.62220000,177,212.37100000,88998.63140000,0
1669320000000,419.60000000,425.00000000,414.50000000,423.20000000,1055.54300000,1669334399999,443732.24000000,254,778.70200000,328197.77280000,0
1669334400000,422.20000000,427.30000000,408.90000000,417.40000000,1794.14800000,1669348799999,744798.45350000,325,351.53700000,147636.04690000,0
1669348800000,416.70000000,418.80000000,400.60000000,405.30000000,399.37400000,1669363199999,162882.47850000,132,123.76700000,50574.77140000,0
1669363200000,405.30000000,411.00000000,396.40000000,409.50000000,531.07200000,1669377599999,213754.65100000,142,191.11700000,77562.40890000,0
1669377600000,409.20000000,414.00000000,406.60000000,409.30000000,235.42600000,1669391999999,96410.51300000,165,108.86100000,44702.56440000,0
1669392000000,409.00000000,409.50000000,399.00000000,408.40000000,434.91000000,1669406399999,175782.13620000,244,168.25600000,68282.89270000,0
1669406400000,408.30000000,408.70000000,396.30000000,400.10000000,369.62600000,1669420799999,148428.08990000,235,159.59600000,64229.85150000,0
1669420800000,400.70000000,412.10000000,397.50000000,405.70000000,325.90100000,1669435199999,132243.13170000,161,163.94800000,66853.90170000,0
1669435200000,404.40000000,425.00000000,403.40000000,422.10000000,1226.33700000,1669449599999,514411.07560000,253,1086.54800000,456205.94380000,0
1669449600000,422.10000000,423.80000000,418.00000000,418.50000000,150.08300000,1669463999999,63011.14180000,63,64.34700000,27088.05760000,0
1669464000000,418.10000000,429.30000000,410.00000000,412.60000000,1400.10800000,1669478399999,585083.78610000,312,567.51100000,240832.25580000,0
1669478400000,412.50000000,414.70000000,408.00000000,412.40000000,668.64900000,1669492799999,274382.68800000,220,107.57000000,44179.70230000,0
1669492800000,412.60000000,416.40000000,407.60000000,411.30000000,637.72900000,1669507199999,262888.81720000,206,209.34800000,86798.13010000,0
1669507200000,414.20000000,420.00000000,414.20000000,418.20000000,527.30300000,1669521599999,220402.86320000,156,467.65900000,195511.06040000,0
1669521600000,417.60000000,421.00000000,410.00000000,413.00000000,419.75700000,1669535999999,174226.34990000,79,181.69100000,76225.93120000,0
1669536000000,412.60000000,426.10000000,412.60000000,416.40000000,613.56100000,1669550399999,259926.11670000,137,590.89800000,250361.33200000,0
1669550400000,416.90000000,420.00000000,410.90000000,412.90000000,1015.54400000,1669564799999,420781.50730000,212,205.48000000,85763.14590000,0
1669564800000,411.00000000,413.80000000,400.50000000,404.00000000,687.18200000,1669579199999,281025.95710000,199,105.35700000,43122.68140000,0
1669579200000,404.60000000,410.20000000,400.00000000,402.90000000,203.46200000,1669593599999,82679.39620000,154,120.12600000,48904.76350000,0
1669593600000,405.00000000,405.90000000,386.10000000,390.20000000,288.65100000,1669607999999,114411.48990000,167,125.72800000,49760.48750000,0
1669608000000,390.20000000,392.00000000,382.00000000,386.70000000,23.62800000,1669622399999,9116.80990000,36,9.79000000,3794.96770000,0
1669622400000,388.80000000,392.50000000,385.90000000,390.30000000,52.41500000,1669636799999,20429.93280000,56,32.81000000,12789.69880000,0
1669636800000,391.40000000,391.80000000,382.80000000,383.40000000,263.42600000,1669651199999,102121.81730000,172,138.86600000,53820.41790000,0
1669651200000,382.00000000,403.90000000,380.20000000,397.70000000,245.04500000,1669665599999,96946.95220000,172,150.42800000,59530.32810000,0
1669665600000,398.50000000,400.50000000,393.00000000,398.00000000,215.23300000,1669679999999,85519.91630000,147,95.55800000,38024.13560000,0
1669680000000,398.30000000,412.00000000,396.50000000,407.90000000,630.04300000,1669694399999,256506.11650000,237,343.28000000,139857.44200000,0
1669694400000,409.40000000,416.50000000,406.70000000,410.00000000,280.78100000,1669708799999,116315.86430000,96,229.72900000,95252.64940000,0
1669708800000,410.00000000,413.80000000,408.30000000,411.00000000,177.45700000,1669723199999,72915.90070000,100,81.81500000,33649.11150000,0
1669723200000,409.70000000,416.50000000,402.00000000,403.00000000,357.11700000,1669737599999,145876.47800000,181,168.41100000,69083.06870000,0
1669737600000,403.00000000,414.10000000,399.30000000,408.80000000,380.79100000,1669751999999,154835.18340000,209,152.20800000,62130.82010000,0
1669752000000,408.30000000,410.70000000,402.00000000,404.30000000,236.23300000,1669766399999,95918.40160000,153,66.16000000,26944.38060000,0
1669766400000,404.90000000,427.80000000,402.20000000,416.20000000,1227.22300000,1669780799999,515881.93730000,392,1031.47600000,434669.31730000,0
1669780800000,416.30000000,417.40000000,412.70000000,412.70000000,51.04900000,1669795199999,21173.79790000,33,18.32400000,7632.14350000,0
1669795200000,412.70000000,417.90000000,411.00000000,417.60000000,82.21500000,1669809599999,33983.83100000,65,15.55500000,6463.03790000,0
1669809600000,417.30000000,419.50000000,411.30000000,413.20000000,305.24500000,1669823999999,126768.57750000,158,187.52400000,78013.41900000,0
1669824000000,411.60000000,416.80000000,406.70000000,409.60000000,460.97600000,1669838399999,189172.95820000,236,163.84800000,67558.64200000,0
1669838400000,410.60000000,420.00000000,408.50000000,415.20000000,335.32900000,1669852799999,138596.31850000,208,198.67700000,82327.04260000,0
1669852800000,415.00000000,422.00000000,402.50000000,405.80000000,690.64600000,1669867199999,283467.59340000,209,95.41100000,39337.88020000,0
1669867200000,407.10000000,407.20000000,400.80000000,403.10000000,40.37600000,1669881599999,16286.59620000,54,18.18600000,7339.94800000,0
1669881600000,403.00000000,406.20000000,401.80000000,402.80000000,83.78700000,1669895999999,33783.11420000,48,56.95200000,22973.26720000,0
1669896000000,404.70000000,412.30000000,399.80000000,403.60000000,504.70500000,1669910399999,203820.42550000,255,216.84900000,87853.50680000,0
1669910400000,403.60000000,407.90000000,401.00000000,406.80000000,125.77300000,1669924799999,50854.59720000,120,63.42800000,25721.17980000,0
1669924800000,406.00000000,409.00000000,403.10000000,403.90000000,154.32900000,1669939199999,62635.99330000,143,99.10300000,40245.60510000,0
1669939200000,404.90000000,405.00000000,394.00000000,397.00000000,306.54900000,1669953599999,122133.96310000,104,53.68700000,21363.41660000,0
1669953600000,396.40000000,400.70000000,393.80000000,399.30000000,53.14700000,1669967999999,21121.09920000,45,21.70900000,8652.06480000,0
1669968000000,398.40000000,401.70000000,397.80000000,401.40000000,72.19300000,1669982399999,28908.34110000,52,52.41600000,20979.10640000,0
1669982400000,400.00000000,402.40000000,395.90000000,402.40000000,256.33500000,1669996799999,102233.43840000,136,119.92300000,47870.35700000,0
1669996800000,401.00000000,404.80000000,400.70000000,404.40000000,184.06400000,1670011199999,74009.16970000,115,59.27500000,23857.22970000,0
1670011200000,405.40000000,409.60000000,403.90000000,406.40000000,348.45700000,1670025599999,141501.21900000,197,199.76900000,81173.42140000,0
1670025600000,406.40000000,408.40000000,400.00000000,405.00000000,301.74300000,1670039999999,121441.22240000,143,107.37600000,43258.92720000,0
1670040000000,405.00000000,406.80000000,402.40000000,405.40000000,121.83500000,1670054399999,49223.28340000,56,56.94200000,23005.48340000,0
1670054400000,404.20000000,405.00000000,399.00000000,405.00000000,94.66400000,1670068799999,38079.03140000,62,25.38600000,10238.50830000,0
1670068800000,405.40000000,405.50000000,401.30000000,402.00000000,158.84200000,1670083199999,64060.95290000,133,66.79700000,26976.52110000,0
1670083200000,402.00000000,402.80000000,397.80000000,400.00000000,258.01800000,1670097599999,103208.00570000,128,117.32500000,46994.21950000,0
1670097600000,398.00000000,404.00000000,396.40000000,400.70000000,254.30900000,1670111999999,101574.24440000,117,142.99400000,57255.78580000,0
1670112000000,401.60000000,406.00000000,401.60000000,403.20000000,108.19100000,1670126399999,43735.44230000,87,75.44800000,30521.39700000,0
1670126400000,401.50000000,404.70000000,395.00000000,398.30000000,205.61800000,1670140799999,82046.74720000,100,73.38300000,29303.78950000,0
1670140800000,398.30000000,403.00000000,394.80000000,399.10000000,234.25300000,1670155199999,93456.13900000,92,91.08400000,36520.01730000,0
1670155200000,398.30000000,401.70000000,395.00000000,401.70000000,424.81500000,1670169599999,169126.89600000,199,174.70200000,69624.11740000,0
1670169600000,401.50000000,404.40000000,398.50000000,404.40000000,226.07300000,1670183999999,90870.35250000,115,171.52400000,68993.41550000,0
1670184000000,403.20000000,405.00000000,400.10000000,403.40000000,172.27300000,1670198399999,69426.09810000,122,98.63500000,39794.43950000,0
1670198400000,402.60000000,410.00000000,401.60000000,406.70000000,305.44600000,1670212799999,124241.76180000,137,209.25400000,85172.34390000,0
1670212800000,407.20000000,441.10000000,405.90000000,433.30000000,1798.24000000,1670227199999,769785.65410000,392,1677.10300000,717702.70100000,0
1670227200000,434.00000000,437.10000000,430.80000000,433.60000000,304.16800000,1670241599999,131666.01480000,125,182.47800000,78934.96210000,0
1670241600000,433.90000000,443.10000000,427.20000000,430.00000000,488.92300000,1670255999999,212064.65550000,212,194.26500000,84804.53610000,0
1670256000000,429.10000000,432.10000000,421.80000000,423.80000000,419.70700000,1670270399999,179023.64690000,216,151.74700000,64876.49050000,0
1670270400000,424.90000000,425.20000000,420.00000000,422.60000000,360.83100000,1670284799999,152145.72060000,197,176.02700000,74230.84440000,0
1670284800000,421.40000000,430.00000000,421.40000000,428.10000000,255.66100000,1670299199999,109277.65010000,199,141.73700000,60620.45690000,0
1670299200000,428.20000000,428.20000000,422.00000000,425.50000000,169.90000000,1670313599999,72010.81510000,67,35.83400000,15235.71080000,0
1670313600000,422.30000000,425.40000000,415.00000000,419.50000000,504.44500000,1670327999999,211136.88280000,127,57.81900000,24188.56620000,0
1670328000000,419.70000000,420.30000000,413.30000000,418.80000000,197.88400000,1670342399999,82682.69070000,172,98.54800000,41249.74420000,0
1670342400000,419.00000000,419.50000000,411.00000000,411.60000000,236.11400000,1670356799999,97988.83470000,162,90.21400000,37547.95330000,0
1670356800000,411.00000000,421.10000000,411.00000000,420.30000000,225.71200000,1670371199999,93639.57440000,162,96.10300000,39889.14630000,0
1670371200000,419.70000000,421.60000000,415.90000000,417.40000000,350.68900000,1670385599999,147046.09310000,218,183.87900000,77111.84050000,0
1670385600000,416.40000000,423.70000000,401.60000000,405.00000000,130.61800000,1670399999999,53683.58480000,69,34.96500000,14399.51310000,0
1670400000000,404.30000000,408.10000000,399.00000000,402.30000000,319.50400000,1670414399999,128760.57220000,113,89.49000000,36290.64230000,0
1670414400000,402.30000000,406.80000000,401.00000000,402.50000000,182.97500000,1670428799999,73835.40090000,157,91.25400000,36875.40940000,0
1670428800000,403.30000000,405.40000000,401.00000000,404.60000000,224.73400000,1670443199999,90471.47580000,157,123.94200000,49918.16610000,0
1670443200000,404.40000000,405.60000000,401.20000000,404.40000000,140.51300000,1670457599999,56631.89210000,117,56.01600000,22636.18590000,0
1670457600000,403.80000000,405.70000000,397.60000000,401.00000000,291.95300000,1670471999999,116800.87060000,165,87.45400000,35092.26110000,0
1670472000000,402.20000000,402.20000000,390.10000000,396.70000000,321.36300000,1670486399999,126581.21490000,87,81.30400000,32023.16030000,0
1670486400000,396.20000000,397.50000000,391.40000000,397.50000000,120.25200000,1670500799999,47467.67990000,79,49.76400000,19661.99940000,0
1670500800000,398.40000000,400.60000000,395.20000000,399.10000000,240.03700000,1670515199999,95516.21420000,198,111.93800000,44532.36650000,0
1670515200000,398.40000000,406.80000000,393.30000000,406.40000000,322.95500000,1670529599999,128441.53490000,195,106.30000000,42463.26480000,0
1670529600000,406.60000000,411.60000000,402.30000000,411.00000000,216.34900000,1670543999999,87888.06330000,165,134.35100000,54567.05860000,0
1670544000000,409.90000000,411.00000000,406.20000000,408.30000000,116.18400000,1670558399999,47456.29620000,114,62.23200000,25454.17030000,0
1670558400000,408.30000000,409.30000000,406.30000000,409.30000000,61.71200000,1670572799999,25124.08040000,62,27.06900000,11025.14490000,0
1670572800000,407.00000000,410.70000000,405.90000000,409.10000000,70.73900000,1670587199999,28838.44090000,44,14.57800000,5963.37830000,0
1670587200000,407.80000000,412.40000000,401.90000000,402.50000000,493.08800000,1670601599999,200488.83350000,252,240.63700000,98176.78410000,0
1670601600000,402.90000000,404.60000000,400.60000000,401.00000000,300.43400000,1670615999999,120954.63910000,158,100.01800000,40330.97990000,0
1670616000000,400.70000000,402.90000000,398.30000000,401.00000000,115.95800000,1670630399999,46501.34450000,103,72.51500000,29106.11840000,0
1670630400000,400.70000000,403.70000000,398.50000000,401.80000000,57.34500000,1670644799999,23035.05090000,70,34.97700000,14067.02880000,0
1670644800000,401.70000000,401.90000000,400.20000000,401.00000000,25.10300000,1670659199999,10073.12490000,29,9.52200000,3824.45370000,0
1670659200000,401.00000000,401.50000000,398.00000000,401.30000000,136.86000000,1670673599999,54659.98220000,64,29.04900000,11626.55930000,0
1670673600000,400.90000000,405.20000000,399.40000000,404.40000000,91.78200000,1670687999999,36851.64340000,82,68.12100000,27353.62890000,0
1670688000000,405.20000000,405.30000000,400.80000000,401.70000000,159.32500000,1670702399999,64184.46940000,109,71.52000000,28837.33580000,0
1670702400000,402.90000000,402.90000000,399.00000000,399.90000000,178.41000000,1670716799999,71343.39180000,116,44.36100000,17758.54560000,0
1670716800000,400.60000000,408.10000000,400.40000000,405.70000000,157.74200000,1670731199999,63905.81110000,131,107.95800000,43764.43950000,0
1670731200000,405.00000000,406.30000000,403.00000000,405.10000000,17.62900000,1670745599999,7135.31410000,26,7.66900000,3106.89470000,0
1670745600000,406.40000000,406.40000000,402.80000000,404.40000000,39.82000000,1670759999999,16093.14110000,32,17.33200000,7015.48160000,0
1670760000000,403.00000000,407.70000000,403.00000000,405.70000000,128.34600000,1670774399999,51997.31270000,95,63.57300000,25793.03870000,0
1670774400000,405.70000000,410.40000000,404.20000000,409.40000000,175.38900000,1670788799999,71512.44860000,148,129.37000000,52790.22400000,0
1670788800000,407.80000000,408.90000000,400.50000000,400.80000000,202.83700000,1670803199999,82056.28930000,138,143.34000000,57942.23510000,0
1670803200000,401.50000000,403.10000000,389.40000000,391.40000000,817.74600000,1670817599999,324589.58580000,193,364.63500000,145737.10490000,0
1670817600000,388.10000000,392.50000000,386.80000000,389.50000000,146.97900000,1670831999999,57025.28730000,46,49.78500000,19334.97670000,0
1670832000000,387.10000000,393.40000000,387.10000000,392.50000000,60.93000000,1670846399999,23879.62240000,50,36.42500000,14291.07600000,0
1670846400000,392.20000000,398.20000000,390.80000000,396.60000000,194.56000000,1670860799999,76711.26400000,150,96.06700000,37934.22560000,0
1670860800000,396.90000000,397.60000000,392.50000000,395.80000000,183.90000000,1670875199999,72673.55990000,116,74.46800000,29456.32190000,0
1670875200000,396.70000000,402.40000000,394.90000000,400.20000000,233.78500000,1670889599999,93383.64920000,171,99.74100000,39854.20030000,0
1670889600000,400.20000000,404.30000000,397.00000000,402.00000000,192.73400000,1670903999999,77357.95770000,138,140.00500000,56260.22220000,0
1670904000000,402.60000000,403.60000000,390.90000000,393.80000000,124.40700000,1670918399999,49543.86050000,61,39.94900000,15967.42880000,0
1670918400000,394.40000000,402.70000000,393.80000000,402.70000000,327.71400000,1670932799999,130858.86290000,160,233.54600000,93309.85010000,0
1670932800000,402.10000000,417.50000000,400.00000000,407.20000000,1239.56600000,1670947199999,505128.09080000,497,552.52200000,226668.81500000,0
1670947200000,409.60000000,411.10000000,402.80000000,408.90000000,292.81900000,1670961599999,119152.21150000,191,153.71300000,62541.37040000,0
1670961600000,408.90000000,409.90000000,403.90000000,405.70000000,292.04900000,1670975999999,119123.58630000,191,133.96000000,54722.24100000,0
1670976000000,405.70000000,412.20000000,405.70000000,409.90000000,225.45200000,1670990399999,92150.83280000,167,124.86600000,51119.04720000,0
1670990400000,410.20000000,410.50000000,407.90000000,409.70000000,39.42200000,1671004799999,16136.02440000,45,19.92300000,8160.47140000,0
1671004800000,409.50000000,411.20000000,407.10000000,407.90000000,115.44500000,1671019199999,47173.39990000,119,55.26600000,22593.65430000,0
1671019200000,407.90000000,419.00000000,407.80000000,414.90000000,690.83700000,1671033599999,285755.63950000,315,514.49200000,212639.33080000,0
1671033600000,412.80000000,412.80000000,394.00000000,401.10000000,637.56100000,1671047999999,257425.32040000,342,204.05800000,82953.73010000,0
1671048000000,399.90000000,403.60000000,395.00000000,395.90000000,343.38600000,1671062399999,136613.18620000,207,112.11900000,44617.81470000,0
1671062400000,395.80000000,395.80000000,388.00000000,393.70000000,435.20900000,1671076799999,170656.34190000,218,112.83400000,44270.88870000,0
1671076800000,393.60000000,395.50000000,392.00000000,394.70000000,103.81900000,1671091199999,40915.55910000,63,45.62800000,17989.28900000,0
1671091200000,393.90000000,394.80000000,391.20000000,394.20000000,126.56500000,1671105599999,49701.11660000,75,51.66800000,20296.83390000,0
1671105600000,393.80000000,394.80000000,389.00000000,391.70000000,567.68900000,1671119999999,222724.92100000,285,290.02700000,113880.20230000,0
1671120000000,392.50000000,392.50000000,383.60000000,387.60000000,411.50500000,1671134399999,159715.78740000,291,219.08200000,85097.41290000,0
1671134400000,387.80000000,389.00000000,383.00000000,383.40000000,398.67600000,1671148799999,154181.27660000,257,132.83300000,51388.61900000,0
1671148800000,384.40000000,388.10000000,383.00000000,387.50000000,232.89400000,1671163199999,89930.65670000,143,102.27900000,39549.77410000,0
1671163200000,387.30000000,387.90000000,385.10000000,387.90000000,47.47000000,1671177599999,18351.71590000,53,18.04900000,6975.58690000,0
1671177600000,386.10000000,387.20000000,364.20000000,367.70000000,448.78500000,1671191999999,166573.33130000,208,160.94700000,59375.18930000,0
1671192000000,367.90000000,368.10000000,357.80000000,361.80000000,344.90000000,1671206399999,125591.97250000,245,140.79500000,51257.08780000,0
1671206400000,361.50000000,362.60000000,352.40000000,362.00000000,363.50200000,1671220799999,130433.12790000,212,146.84700000,52764.73670000,0
1671220800000,362.20000000,364.40000000,346.70000000,353.00000000,1139.46000000,1671235199999,401361.00480000,339,699.59400000,246357.89400000,0
